id,Author,Date,Link Type,Link
1041812534157656134,cartersucks,11/14/2022 - 20:31:04,track,https://open.spotify.com/track/2bxTLnzDFeXT6BrFMpoeUe?si=-nxv9NpgQhaNtuM5aT2OaA
1041725837424218202,Doshi,11/14/2022 - 14:46:33,socialsession,https://open.spotify.com/socialsession/6oTIcLwEhF32PUQPloF9gRQRNH7b0SM2SLR5E30m4aQEP6XlTFYkx46III5XhEQ93toTG9JvStgQWoVSlNR3hlOKrQeTvniZRV0KsnlZT6nC?si=9lQxB6u7S4WljDCd4wDCNw
1040864000335949834,Chill,11/12/2022 - 05:41:55,track,https://open.spotify.com/track/3OZqqgl3jpCodZrMCJuZBK?si=93583590333c4c33
1038001533285052466,Pluto,11/04/2022 - 08:07:30,album,https://open.spotify.com/album/2hEnymoejldpuxSdTnkard?si=zdh-GqdmSke-wTzLvdzhAA
1038001374123786301,Pluto,11/04/2022 - 08:06:52,album,https://open.spotify.com/album/5MS3MvWHJ3lOZPLiMxzOU6?si=m4rQGLodSsqMUHArIQdveA
1037369289038106644,Doshi,11/02/2022 - 14:15:11,playlist,https://open.spotify.com/playlist/7mqJPUaOXhuszKb8zCQ8hj?si=YQ7jf1JnQg-1Qa92r2MrXg
1036956420299554878,Doshi,11/01/2022 - 10:54:36,socialsession,https://open.spotify.com/socialsession/709X0VBWRr4IPA43J6KcuNmVl4OmgRWI08WTjyoxVH0G0kds6LFhmOGI2yGLVDzXhKSdLIE11VGyOlMPKTukhjd6hQoS2qCJ9z2MfWXtowia?si=P_ajr9JfS1uPdTRNcC0pDQ
1036627751790198794,Doshi,10/31/2022 - 13:08:35,socialsession,https://open.spotify.com/socialsession/637VRUp6jnTzTKbrwwZFwHIGYSklL7lmpIvGEXcThjld8rrbGd08RptJnH7Aqm9wy2AnHYCTJkYka6k8JMA5oJp7TOUR2a5T2r5PHopC3KHF?si=2iEBVu4bSeaKWgGS4jnGyw
1036626681349287966,Doshi,10/31/2022 - 13:04:20,track,https://open.spotify.com/track/5BvfdAtqZXGbR3Ub1Bejb6?si=jVrRfpk_R7SxIpyvj2rVgA
1035411947795009657,Pluto,10/28/2022 - 04:37:25,album,https://open.spotify.com/album/5Co3CGD9lBQVNnn7q0px1g?si=pVIr-IolRA-HcbC3bYLtKw
1034648191225835530,Chill,10/26/2022 - 02:02:31,track,https://open.spotify.com/track/6oRaiHUsRUF8JYUzSJEnvz?si=hR_XVKfBSpKhH07VL9kLxg
1034090812511899728,Doshi,10/24/2022 - 13:07:42,track,https://open.spotify.com/track/5psl7bZImUdYdKfajE2r2v?si=mwbgUApYSuauL2fg6-c3yg
1033833527537569792,Gulliblez,10/23/2022 - 20:05:20,track,https://open.spotify.com/track/3Cud1g4ZZ2C74faQM5wtWP?si=04f7efa6bdb547b0
1032608472744861696,Doshi,10/20/2022 - 10:57:24,track,https://open.spotify.com/track/0F2gXzgbzLvK9LrS7yKS8Q?si=XObH8Cj3Q0-y2-RWbHbOrg
1029562973863288912,Swaes,10/12/2022 - 01:15:41,playlist,https://open.spotify.com/playlist/54pDhXW9W4zLVf5HXdqLNB?si=137dc7154f174cda
1029561295210553446,Swaes,10/12/2022 - 01:09:01,track,https://open.spotify.com/track/7oVEtyuv9NBmnytsCIsY5I?si=5b33c72e98c1402d
1026732718677045268,Gulliblez,10/04/2022 - 05:49:15,track,https://open.spotify.com/track/0TJNfCB3eN9wEIdxZhrbO8?si=3b347922224c4d68
1026730108930756648,Gulliblez,10/04/2022 - 05:38:53,track,https://open.spotify.com/track/76tbhoBOY6aLlXFjZq60XY?si=74023434cd214808
1026629458939084800,Doshi,10/03/2022 - 22:58:56,track,https://open.spotify.com/track/7BRl0MKPiZy4lKD8Kh0Y1h?si=c3a05d07eaa041d9
1025700296455897128,egg,10/01/2022 - 09:26:47,track,https://open.spotify.com/track/5Ro8cPLumZRfhhfVxBG5hJ?si=31c7fbbaddae430b
1022693387628990475,Chill,09/23/2022 - 02:18:24,track,https://open.spotify.com/track/2I3YobN7CvXRLVA3xo6KQA?si=2wj2p0zRT5WvehScWN6zbw
1021523380341592164,Doshi,09/19/2022 - 20:49:12,track,https://open.spotify.com/track/2nn9fr20wuJAw5mlSGXiF1?si=890d7027fdff424b
1021520568639570030,Gulliblez,09/19/2022 - 20:38:02,track,https://open.spotify.com/track/0rs5WDrIaJVhSOmDxj5eGk?si=KZVNHtnuSJ-NbvhCD04sCw&utm_source=copy-link
1021470174437720165,Doshi,09/19/2022 - 17:17:47,track,https://open.spotify.com/track/1vlQTu7N48uwUrJpgjkplL?si=-RXAh2ZcSAqj7tOH5aIT-A
1021296308780286024,Pluto,09/19/2022 - 05:46:54,album,https://open.spotify.com/album/6rO7DlLYSHabzSsD7Gpe14?si=D9i-6IkvThG74IYCekbh8w
1020492769006977124,Gulliblez,09/17/2022 - 00:33:55,episode,https://open.spotify.com/episode/6NB5iIi8GVEk7IYJIuS3Pb?si=4cVPuZy2QpKozwE0g9rnTQ&utm_source=copy-link
1019252476098129940,Doshi,09/13/2022 - 14:25:27,track,https://open.spotify.com/track/3xm7ZFI0qTZrzjXOJ8SQ09?si=J-S96bY5SJm0QQx7K_n-Qg&context=spotify%3Aplaylist%3A37i9dQZEVXbfcEL5xn0uKG
1018761468444946505,Gulliblez,09/12/2022 - 05:54:21,track,https://open.spotify.com/track/2gwMQLaqquUZF5dsmRI8c4?si=a693e6c57d034192
1017138014448779354,Doshi,09/07/2022 - 18:23:20,album,https://open.spotify.com/album/7i8NW72gbhfvCPIKx4RWLN?si=I6j5f6ktRa2rBT_pXsmOmg
1016778775406592051,Doshi,09/06/2022 - 18:35:50,track,https://open.spotify.com/track/2w2s1dRpEEdl71L8FlWu2o?si=m9ux_Rx_T4GpUz9YwKDNLw
1016044610541330613,Doshi,09/04/2022 - 17:58:32,track,https://open.spotify.com/track/53VQQYk83nx3DxsXpUBOzK?si=112aa1888619497c
1016044538827133105,Doshi,09/04/2022 - 17:58:15,track,https://open.spotify.com/track/6g0y8cpi8c9eCPfz5XvW5T?si=4de4f6ed2f24426f
1015030361329254481,Doshi,09/01/2022 - 22:48:16,track,https://open.spotify.com/track/1HQu2GOJA3aLx8x42pzT6W?si=d99f84d6daa34812
1011451539803611206,Gulliblez,08/23/2022 - 01:47:18,track,https://open.spotify.com/track/371AxfR7cbYTk1b9rFCLcx?si=bzgSBU7ESsm3q0MEtMvnOg&utm_source=copy-link
1009112345848598598,Doshi,08/16/2022 - 14:52:11,track,https://open.spotify.com/track/169mBDYNy6SFx2gb28pG1e?si=2Iw_BIHVQ5eZgE2o0gzIRw
1007707933007675492,MindGoblin,08/12/2022 - 17:51:33,track,https://open.spotify.com/track/2C4kl8zvhUwmdlofcRcbH3?si=yPOc0F_sTWKp4UuroIplZQ
1007686266898350131,Doshi,08/12/2022 - 16:25:27,track,https://open.spotify.com/track/6u4xZnL4W0YSLXw24k2zlJ?si=j3KDqX5ETt-wSHBQ40BPJg
1007681925881810954,blankadam,08/12/2022 - 16:08:12,track,https://open.spotify.com/track/3LuLUNgRmmgcr14dTIWH2S?si=2BChJvRcR3WGg_XyMi3duQ
1007665210213011577,Doshi,08/12/2022 - 15:01:47,track,https://open.spotify.com/track/2aP7rUoCz4u9EQxAq2ObyD?si=mL3p7OznSnSOiAnUzgE0Ug
1007036154492756018,cartersucks,08/10/2022 - 21:22:09,track,https://open.spotify.com/track/5kovvNB51QrikkznHROXvj?si=JY75GdDaR3mwRtxGO4erzw
1004940201640071229,Gulliblez,08/05/2022 - 02:33:34,track,https://open.spotify.com/track/6CdO8SKy5yWQAjeN0Kf5y4?si=bab85395c3f24dc8
1004398525687287899,blankadam,08/03/2022 - 14:41:09,track,https://open.spotify.com/track/2xFzmqWfWzxXu14T7HCXF4?si=J2VgAFBpRDqaslNUNhaHXw
1004398033540239390,blankadam,08/03/2022 - 14:39:12,track,https://open.spotify.com/track/707V97vr8dNElFjJj2c572?si=tenjLky1QtKb6S5FQj318w
1003805431879172187,Gulliblez,08/01/2022 - 23:24:24,track,https://open.spotify.com/track/44VNrW1cvQS5aQinK5Mixc?si=15437ba33fef42d7
1003375479845290104,Chill,07/31/2022 - 18:55:56,album,https://open.spotify.com/album/3YCmrfPI8U7cW56Dhv9PDJ?si=KRLEmRQlS8y65tcGFUaQZQ
1003362481785278514,blankadam,07/31/2022 - 18:04:17,track,https://open.spotify.com/track/679RuF8i7AFuZb88oYyWHV?si=EDcvu3hCQhO_S0NkQRBx_g
1003156679032066058,Gulliblez,07/31/2022 - 04:26:30,track,https://open.spotify.com/track/4NTWZqvfQTlOMitlVn6tew?si=e5ddbe21c3404a3b
1000958813190488094,blankadam,07/25/2022 - 02:52:57,track,https://open.spotify.com/track/5xHsqcieVRv0J42gh4YJVF?si=GzKoKGpiTI2aZfC90tQwzQ
1000917919749918812,Chill,07/25/2022 - 00:10:28,track,https://open.spotify.com/track/0Ag44k4hdnKUe4bU4E4qne?si=06e924efec234e52
999774769627025482,blankadam,07/21/2022 - 20:27:59,track,https://open.spotify.com/track/0WJdqUkuPwSbjYARtQziYH?si=qhmiqMYBTqqO9QDSpR7Srg
999445924977848391,Doshi,07/20/2022 - 22:41:17,track,https://open.spotify.com/track/1kcSawt3bslj9ajicENB23?si=98Op2ZTxRfKw3KVE7-817A
997913435327189142,Pluto,07/16/2022 - 17:11:43,track,https://open.spotify.com/track/41P6Tnd8KIHqON0QIydx6a?si=66fa3EMFTOioLjmWcoq1vw
997040689978298438,Chill,07/14/2022 - 07:23:44,track,https://open.spotify.com/track/5YwIEHmxXO7u469QWgLUE4?si=82abd8d6763e4aaa
996867200298266694,Doshi,07/13/2022 - 19:54:21,track,https://open.spotify.com/track/5F55ZyyTltWGrrPyciQT9J?si=cTsMMVqXQb-eVjnGMlskXQ
996633489157926912,Doshi,07/13/2022 - 04:25:40,track,https://open.spotify.com/track/0haoDgX7K78fJJR5UXzh8G?si=c7cc82db036149f0
995711693516701757,cartersucks,07/10/2022 - 15:22:47,track,https://open.spotify.com/track/2BHj31ufdEqVK5CkYDp9mA?si=sNp5iWELSCKwbP0W_klMuQ
995464598692040794,Chill,07/09/2022 - 23:00:55,album,https://open.spotify.com/album/0Y4RPWAZZui6gUL1kwgND6?si=9D-Y4HOyT1WwJV4XoI7IPg
991472976480440390,Gulliblez,06/28/2022 - 22:39:38,track,https://open.spotify.com/track/4Mwxb5DSkjDoNNTIxT7Gh8?si=a0b214c526364fe3
991034079296241695,Gulliblez,06/27/2022 - 17:35:37,track,https://open.spotify.com/track/7guB5aqvr0dOEvqPtqESKF?si=dac8b776c5204dd1
990671207621865472,blankadam,06/26/2022 - 17:33:41,track,https://open.spotify.com/track/4J2zUfPIOincsWcsp84oqO?si=VWsCbDyvTumAyJGwFpUOqw
990505022708125697,Chill,06/26/2022 - 06:33:20,track,https://open.spotify.com/track/5CC9Y9yvLzNl3iVSWg3noK?si=q3yWUNhKRGWisfqIApzNEw
990504975622864950,Chill,06/26/2022 - 06:33:08,track,https://open.spotify.com/track/3afeZ81GDy59tATovKyH6Z?si=wxegd831SLGrvA3veL2ulw
990504892097523782,Chill,06/26/2022 - 06:32:48,album,https://open.spotify.com/album/7188JsHTl3rladofF7CVvW?si=enpdgn1jQVWEN6nHbuX-_Q
990504304144158731,egg,06/26/2022 - 06:30:28,track,https://open.spotify.com/track/11zBeSQzR6dFcJ5mYaB2og?si=Ial4b5JERuSvuF34y5wEuw
988577901278552065,egg,06/20/2022 - 22:55:38,track,https://open.spotify.com/track/10yBOZi6cIDeJOlb7Pbz1J?si=p4k4sBkuRiqPL6WK8Qw8Hg
986766069601562674,blankadam,06/15/2022 - 22:56:04,track,https://open.spotify.com/track/0E0DRHf5PfMeor0ZCwB3oT?si=O1xRD2fCS4mdWhQmieUkfw
985751642609684561,blankadam,06/13/2022 - 03:45:05,track,https://open.spotify.com/track/3VcH5XTkHzF0j22RvkMoZh?si=CKL3bAAkSiq5GuTNKjh7mw
984338459772715028,PaidInGreen,06/09/2022 - 06:09:36,track,https://open.spotify.com/track/0bTar7V90X1FBXnCEzfPNr?si=33a3cb8df3dd4bc4
982333590513795103,blankadam,06/03/2022 - 17:22:58,track,https://open.spotify.com/track/0vRsxRP3PuLKjNQ77bweux?si=NmjBaIDURRqNjQLRlcTPsA
982296046602444810,Doshi,06/03/2022 - 14:53:47,track,https://open.spotify.com/track/5sMuIiB81h8rje6KYrcBMi?si=bG83kUBPTSajiT4Jff1IDg
982295973508284477,Doshi,06/03/2022 - 14:53:30,album,https://open.spotify.com/album/74xlON1sCCChynzbgLlc7Q?si=BPSxeMKhSnC6Cg31oASjIA
982049818425847869,egg,06/02/2022 - 22:35:22,track,https://open.spotify.com/track/4O3APpGNhOldqDsPF8IaS5?si=GVdUjCz9StGETNXU_gEt1g
982047163389468712,blankadam,06/02/2022 - 22:24:49,track,https://open.spotify.com/track/34yUUxC8197ZAoUafOPvcO?si=-GJWzD9tRj-N-PDy3oQnwA
981399191035203624,Weston.El.Dudo,06/01/2022 - 03:30:00,artist,https://open.spotify.com/artist/4OLOPa4s37fVFKdgUpQl4i?si=tDCOF6MMQP6dYXzVfy1KOw
981305971882197042,AlexTheGreat,05/31/2022 - 21:19:35,track,https://open.spotify.com/track/4TNT1dmWRE8RVpKDHLF8UP?si=zOJLY6ChT_q2XiNGWacLEA&utm_source=copy-link
981278850073915412,egg,05/31/2022 - 19:31:49,track,https://open.spotify.com/track/3qLLNBpWO3XMmlpMc5bS0q?si=ca0976cda4ef4b91
981275748092502026,egg,05/31/2022 - 19:19:29,track,https://open.spotify.com/track/20DxqBWSmwklx4A5aQX9v7?si=27e5297df4df40b7
979771853113536582,GrapeSoda,05/27/2022 - 15:43:33,track,https://open.spotify.com/track/71EHOyEOhNx1SzTebRRyng?si=m-sC9g2RSguytyomio_gyQ
979119122216550510,AlexTheGreat,05/25/2022 - 20:29:49,track,https://open.spotify.com/track/6rCTOAxaC0gzsVnd0D4ifV?si=-b3F0FHsRlqBreoxZ2Vxhw&utm_source=copy-link
978483349913997364,Weston.El.Dudo,05/24/2022 - 02:23:29,track,https://open.spotify.com/track/2nFtXhyfmiJ9Mv6sdqj1pG?si=68a2b40c13f54e28
978433767070916640,Swaes,05/23/2022 - 23:06:28,track,https://open.spotify.com/track/01stPT7J3W6Zx45jj1f4nk?si=b45adb6fbd404453
977449457295704114,kendycane,05/21/2022 - 05:55:10,track,https://open.spotify.com/track/2b9u2iIKDoPKVHmV3yys15?si=xWTue-jsS6Cgem0XcYBzQA
977114431198752779,Pluto,05/20/2022 - 07:43:54,album,https://open.spotify.com/album/2MdIFibz5RJWNIDJzyEVxO?si=C-gpXNNKQ1i5cWdOu5rVEw
975504045605281862,DAK9000,05/15/2022 - 21:04:48,track,https://open.spotify.com/track/2FwDApgXk91kXvqy2oB7dz?si=M6n26_xtSpmWM9zxswRPOA&context=spotify%3Aalbum%3A7Ln81p86r5cCsesd3KBWIY
975291315766046790,Chill,05/15/2022 - 06:59:29,track,https://open.spotify.com/track/0lBpA4UvWn6sFWvxmr32py?si=cfc24fd427a54fc9
975289073797300234,Chill,05/15/2022 - 06:50:35,track,https://open.spotify.com/track/0xmjwnQ3FNE6HuWCt2nHdZ?si=d7e77aa243404e0c
974213841602900008,Chill,05/12/2022 - 07:37:59,track,https://open.spotify.com/track/5MMW4CZsZiZt2iuqAXzzWC?si=HBBuY6XFSg6oeR4IFGG8Zg
973805314992398406,Doshi,05/11/2022 - 04:34:39,track,https://open.spotify.com/track/2iZf5y9Ce6smoZiGkC0aAg?si=61ae2270c4014851
973801998845620244,Pluto,05/11/2022 - 04:21:28,album,https://open.spotify.com/album/5WcXLH8cIFdKcYOU6eIZBj?si=2QkDUcFgShCDlxbp9bWSeQ
973670989856653422,blankadam,05/10/2022 - 19:40:53,track,https://open.spotify.com/track/7Ht3HFTEggUknnF0mH9PA7?si=divJTXd2TpOnUzeqiBi5uQ
973669032072986685,Doshi,05/10/2022 - 19:33:07,track,https://open.spotify.com/track/6VBuuMGYskvpkK8V9zmJau?si=I2dTMeroR962MitHED-vyQ
972367835932278814,Gulliblez,05/07/2022 - 05:22:37,track,https://open.spotify.com/track/0uZAzNFjr1wE83xgMqyBIg?si=d517931f267d4225
972315935878836284,blankadam,05/07/2022 - 01:56:23,album,https://open.spotify.com/album/1GMsrURaOu3w2dN4gogMzS?si=0Tw4k7WsTei7UYG8DbhLWQ
971132630982594600,MindGoblin,05/03/2022 - 19:34:21,track,https://open.spotify.com/track/2T2Tis1BSqnvKeCeUPey1j?si=0_x43iqdQfySGOZkPCm3IA&context=spotify%3Aalbum%3A4dcIgyUzJIZ8NLJA2zf6up
970468638018662471,Weston.El.Dudo,05/01/2022 - 23:35:53,track,https://open.spotify.com/track/40H5MGB07FCEmrgHBlmLDU?si=d9b3792026564f5c
969291139159044116,Doshi,04/28/2022 - 17:36:56,track,https://open.spotify.com/track/1KHWbbZQEs2NM1ubLAMPfO?si=QymGwBW8SxmIISQecwfdqQ
968209798959079444,blankadam,04/25/2022 - 18:00:04,album,https://open.spotify.com/album/78cfkklTYJzof9MjlJpaX7?si=m2oN2O24QdirbbAhLV7Jww
963812581217275915,PaidInGreen,04/13/2022 - 14:47:06,track,https://open.spotify.com/track/5L7VBYoosmkmiiDlzumdCe?si=6DP7FQ5wShqxCypo8KENwQ
963319252641796096,Weston.El.Dudo,04/12/2022 - 06:06:47,track,https://open.spotify.com/track/5KgBj14914cz5SirCMvbCm?si=_HglbdKMT-2GkaSeDE16bw&utm_source=native-share-menu
962031102904631326,Doshi,04/08/2022 - 16:48:08,album,https://open.spotify.com/album/2G549zeda2XNICgLmU0pNW?si=gxtDrJYUTeqaSNOgtWVlmA
962031018787876934,Doshi,04/08/2022 - 16:47:48,album,https://open.spotify.com/album/7v6htsHRSZ34XJCki1uZxB?si=ocCKq6pBRQemWZKU0iIz6A
961707909199302697,Weston.El.Dudo,04/07/2022 - 19:23:53,track,https://open.spotify.com/track/3U1hxnApRvc8UZ2Ft1kNbz?si=THaj95OXRBSVByVXQV1kqA&utm_source=copy-link
961701950552952892,Weston.El.Dudo,04/07/2022 - 19:00:12,track,https://open.spotify.com/track/5DmZvacVjbIbldPDYl3J26?si=n3kpGqEERaWqDW9TYyEaOw&utm_source=copy-link
961547467449573407,Gulliblez,04/07/2022 - 08:46:20,track,https://open.spotify.com/track/05mO22Uzz4AcVTFTrZRxQd?si=bd2d9e6fc70d4856
961546801457033246,Gulliblez,04/07/2022 - 08:43:42,track,https://open.spotify.com/track/5S0yiOErSgkU4yRsz6amKN?si=1c9eede141cf4955
961452044038836304,AlexTheGreat,04/07/2022 - 02:27:10,track,https://open.spotify.com/track/20MxJN12WEqU5eWsuCrwM5?si=becdb73b126d4602
960069239862075432,Swaes,04/03/2022 - 06:52:24,track,https://open.spotify.com/track/78QR3Wp35dqAhFEc2qAGjE?si=0f44419a6b324788
959682250008584252,Pluto,04/02/2022 - 05:14:38,album,https://open.spotify.com/album/4LgWJecsEj31HGQ8AFUGfJ?si=VFDqsRSFQxuYhvqEAKhrsg
959619755709435904,Gulliblez,04/02/2022 - 01:06:18,track,https://open.spotify.com/track/26kP0UtIDqVEttFjX92BLA?si=-E12rhUYQxelnWHSwMMd0w&utm_source=copy-link
958755903417511986,Doshi,03/30/2022 - 15:53:40,album,https://open.spotify.com/album/75T8WnF5n7fgKJ0EC7WRPS?si=OyaHJIBgQVK9pw83hX-wAA
957013050593017856,Swaes,03/25/2022 - 20:28:11,track,https://open.spotify.com/track/3ROfLScNbTGtKdjEzbx74b?si=TbJrIWFdRDmunQmqy79Anw
956934134842921050,Doshi,03/25/2022 - 15:14:36,album,https://open.spotify.com/album/7KtyUeiJidoZO0ybxBXw0Q?si=VJXuu5gwTgmET9CcTV1RoA
956428832074760242,Chill,03/24/2022 - 05:46:43,track,https://open.spotify.com/track/0CM5iTsrDdyFAMHeUeXWwN?si=PV-YiuopSHa2ktXyvkPA5A
956278713618694154,blankadam,03/23/2022 - 19:50:12,track,https://open.spotify.com/track/21rVxc7R0xDf3miPB6yujX?si=MRsdZiotTG6zMSwsUf2hrw
950634638223736883,Chill,03/08/2022 - 06:02:39,album,https://open.spotify.com/album/3IpexNXiKbezuY526S4Jvy?si=_2l5ASlpT0GE3Q_C-OmK6Q
948801573327355955,blankadam,03/03/2022 - 04:38:42,track,https://open.spotify.com/track/3vxTQcZnjJMvCMK20udLDR?si=N0UdwrAZRXC0UJv-eepocA
948801414270976020,blankadam,03/03/2022 - 04:38:05,track,https://open.spotify.com/track/0fea68AdmYNygeTGI4RC18?si=_fydr87XTS-huL_vUoJy3A
948743269670600764,Gulliblez,03/03/2022 - 00:47:02,track,https://open.spotify.com/track/2wIgWVIyA4bzRW6RmdXMoI?si=pR5aTLYXQlukyXBeqIJeRg&utm_source=copy-link
947069062813478933,Gulliblez,02/26/2022 - 09:54:20,track,https://open.spotify.com/track/7uMP8ryVgMtkZIX2aB96ki?si=3d483e78aa224646
945518181299130389,GrapeSoda,02/22/2022 - 03:11:41,track,https://open.spotify.com/track/5Fse8BFC410yZ4kpVqBCHt?si=6n1YMfLeSza_5C0dr8ePoA&context=spotify%3Aplaylist%3A37i9dQZF1EIfwdv43q0LQH
944013987845124137,Pluto,02/17/2022 - 23:34:33,track,https://open.spotify.com/track/4jmSE3WCZNyjbzLPVi3uHU?si=3ac1092934d24544
943364241069604865,Doshi,02/16/2022 - 04:32:41,track,https://open.spotify.com/track/3kdXigOly0AhtvYfAJFBjn?si=IAdFMmADRz-xny6RpEVUYw
943360056064376833,Gulliblez,02/16/2022 - 04:16:04,track,https://open.spotify.com/track/4r4twYWQdV1FRhW5Aodm7l?si=bd8986c159154b90
942547868139532308,blankadam,02/13/2022 - 22:28:43,track,https://open.spotify.com/track/1q4XeAhGVx6M5NGXDYBlxr?si=XVNE8692R3Oo70D_1x0mRQ
941752325335314513,Fungus,02/11/2022 - 17:47:31,track,https://open.spotify.com/track/5gUk26spbkbYgXmDTMbW3C?si=1EFt33fQRwaNTNfFw6g7Zw
941358843269640252,PaidInGreen,02/10/2022 - 15:43:57,track,https://open.spotify.com/track/0spNgxCnboLtHVTJtYLpb8?si=jK7joNF4TZWA1USzohJcWQ
940450665463967804,Chill,02/08/2022 - 03:35:11,track,https://open.spotify.com/track/2vN0yJIIsjfUE5EgcBT6hf?si=XZu0SCcdQLuw4U1GKxx6AA
940320870805676093,Chill,02/07/2022 - 18:59:25,track,https://open.spotify.com/track/1YCTwUfFcNVMQhzippLhjJ?si=xxd4aRWcSQy4OUekTY0lRg
939645295220912178,blankadam,02/05/2022 - 22:14:56,track,https://open.spotify.com/track/67sVcwoqWF56dyh176p7m3?si=Bs1lNvmYStGzNizqQ8kVKQ
938255879571140649,Gulliblez,02/02/2022 - 02:13:53,track,https://open.spotify.com/track/69nmZSEuobrnSf8qkLlLzu?si=9251ae17aab449c9
938094743580201011,Gulliblez,02/01/2022 - 15:33:35,track,https://open.spotify.com/track/00mO8JKk2wQ7VqdPcY1r4O?si=KoH5db5JRLSyieGcL3yh_Q&utm_source=copy-link&context=spotify%3Aplaylist%3A37i9dQZF1E8O40hIfbJq9j
938094672356704278,Gulliblez,02/01/2022 - 15:33:18,track,https://open.spotify.com/track/6z4n862KhNJNWDYSn4aLL5?si=pGZa13kRRSekv2CONUDeIg&utm_source=copy-link
937979842278854686,Doshi,02/01/2022 - 07:57:01,track,https://open.spotify.com/track/4VsPMNoTStZSShv1bJwrv5?si=01c17e127ffe433c
937220734848229387,blankadam,01/30/2022 - 05:40:35,track,https://open.spotify.com/track/05sTc5msSkn5138ZGkXPTw?si=MYrhZksCQ3uPDDX6mBxoxQ
936143820867903488,Pluto,01/27/2022 - 06:21:19,album,https://open.spotify.com/album/0nP4cdE33prgKeTaqNM0g8?si=k5V_Z64_QFSSYtfPj3qnIQ
934993846796947456,Chill,01/24/2022 - 02:11:44,track,https://open.spotify.com/track/2QayL5AB2qRZN3zsBIZsuP?si=5d81e13823e743ca
933653278724603914,Pluto,01/20/2022 - 09:24:48,track,https://open.spotify.com/track/2i7zSl7A1kFXVAygESTsDt?si=2a7dd5ea61594858
933070709889065020,blankadam,01/18/2022 - 18:49:52,track,https://open.spotify.com/track/1cYj8Vi1YVmMy0xFavBSQB?si=vr2A6lsnSf2SCFIXJjyjyQ
929569339416379422,Chill,01/09/2022 - 02:56:41,track,https://open.spotify.com/track/0VoDYNXHen64ORyizt6Ct5?si=dWzj6opqREqs7hPPHbQdrA
927641735625068624,Chill,01/03/2022 - 19:17:04,track,https://open.spotify.com/track/7vHAtydEB5KNYM80oRRidp?si=7HkbmqzFTDCEYFjFlu6Paw
925541010040295514,PaidInGreen,12/29/2021 - 00:09:32,track,https://open.spotify.com/track/5GwzRH8DWO1op0CeXP4dtR?si=ElzOkV9eQ-qEFAGfe_qrtA
923049526040858634,Gulliblez,12/22/2021 - 03:09:16,track,https://open.spotify.com/track/26Wi8P1wIM3JQFxRRErnvt?si=WeLmIAMeTK2QKJ5ReKqIvw&utm_source=copy-link
920818039979638854,Chill,12/15/2021 - 23:22:08,album,https://open.spotify.com/album/0PVopt2pVKQWZFfhNiF30B?si=5TWuUeXmQpq_Oz9RSbA2XQ
920096381291618334,Gulliblez,12/13/2021 - 23:34:31,track,https://open.spotify.com/track/4UbdYUgzorrYYrf9Y0sMEl?si=7b0802eea26d4a90
919837194607296512,AlexTheGreat,12/13/2021 - 06:24:36,track,https://open.spotify.com/track/4z3hS7U4Nb2rsBQajShKgB?si=95cd834db37f466e
919426410605580299,Gulliblez,12/12/2021 - 03:12:18,track,https://open.spotify.com/track/1XQgZIezpEv4tuUuVfv9ah?si=903f52593e1247f1
919405896545759263,Gulliblez,12/12/2021 - 01:50:47,track,https://open.spotify.com/track/6JEbqJ8m7JCrLiLZujokEj?si=bfbff36307134afb
916029006489464902,Gulliblez,12/02/2021 - 18:12:14,track,https://open.spotify.com/track/4npHbgLuZu0afOnJj4gz1j?si=QOAAahkrQ66nInKCIZ1_RQ&utm_source=copy-link
916020941576880249,Gulliblez,12/02/2021 - 17:40:11,track,https://open.spotify.com/track/6CkYn4ygBqKCAziK6FC4gn?si=iejyESZqR3arAgqUNL3GuA&utm_source=copy-link&context=spotify%3Aplaylist%3A37i9dQZF1DWTggY0yqBxES
916014893726072862,Doshi,12/02/2021 - 17:16:09,track,https://open.spotify.com/track/1Wj9ZhqrnbLal0Iyqk6QH1?si=X-J9wGJaQ7uVNc05ZFrvrw
914080319131500575,Gulliblez,11/27/2021 - 09:08:50,track,https://open.spotify.com/track/54QeOdWJUADQU7wK3XDgMQ?si=16e711cf696b4520
912076070734430238,Chill,11/21/2021 - 20:24:40,track,https://open.spotify.com/track/0kjm5DAzDidQhHgElDrdfq?si=1704a9a944084ec9
911341769415860305,Gulliblez,11/19/2021 - 19:46:49,track,https://open.spotify.com/track/623rRTKwGmgjH6sjE9uWLh?si=P_6RaGrKRWqox92HFf9yLg&utm_source=copy-link
911284005272432670,MindGoblin,11/19/2021 - 15:57:17,track,https://open.spotify.com/track/2Tdkz4mLxN8szqcMeNWcI8?si=Ss7IkiUtRdeMBibSfDLGcQ&context=spotify%3Aalbum%3A3zy8FiB9URB4b2yNOwMM36
908733379107754014,Chill,11/12/2021 - 15:02:01,album,https://open.spotify.com/album/0S0r2RFucaW9kVjBtcBOV1?si=u1i7jkZvTgyPSBXKowtClA
907489786506379266,Chill,11/09/2021 - 04:40:25,track,https://open.spotify.com/track/40XIh4aEp1Ts5F4XEQM2lj?si=c6b9ba9d548246a1
906835536847728690,Gulliblez,11/07/2021 - 09:20:40,track,https://open.spotify.com/track/798mI116dJdZ12n9CkdflI?si=973ae60f3f284966
906315724014878730,Chill,11/05/2021 - 22:55:07,album,https://open.spotify.com/album/6iOCv7oGL5sGi2aVnRz2BI?si=WN93XQXLQZaJ0X5FaZtntQ
906063170727211008,Pluto,11/05/2021 - 06:11:33,album,https://open.spotify.com/album/4E691gbRgo2Zb6ToII2DWO?si=oq_iVVjRRMe5w9-sxvN-Jw
903360464627580949,Gulliblez,10/28/2021 - 19:11:58,track,https://open.spotify.com/track/22v3PYsQyQ57oA2e2tOsmW?si=wbTmmP7XQ6iFbhUHr2wxTA&utm_source=copy-link
903354793693696011,Doshi,10/28/2021 - 18:49:26,track,https://open.spotify.com/track/0Ttx8uPwS2aHavnWOTyjeS?si=sXm_UavqTTqqtdAviU1jPw
900538977944219649,blankadam,10/21/2021 - 00:20:23,track,https://open.spotify.com/track/1Vrj9Vcbb0lOG94pQbYvzv?si=c7fhRrBXRM-p28GCQ6WbWQ
899668096153976832,Gulliblez,10/18/2021 - 14:39:49,track,https://open.spotify.com/track/2gy4zjdL4S1nfuq2sVjz6e?si=wtbGUQEDQ2-Kc3mMvdLZ3g&utm_source=copy-link
899006068905082940,Doshi,10/16/2021 - 18:49:09,album,https://open.spotify.com/album/1tiD0UGetoA3qTkJN3Thdv?si=-TkBVlklT8KO7Z-_uYBKNg
897160475454885898,Gulliblez,10/11/2021 - 16:35:25,track,https://open.spotify.com/track/6C7WlMpQr4V8lCkkrGj0MK?si=BZoMG-gkSvGM2nf9B8WZLw&utm_source=copy-link&dl_branch=1
895760731474108437,Chill,10/07/2021 - 19:53:20,track,https://open.spotify.com/track/06TOkR7dO7PLwhToEMB48x?si=tOBKWBemSH6wD1xXuVo9Xw&dl_branch=1
895421603544961084,Pluto,10/06/2021 - 21:25:46,track,https://open.spotify.com/track/0eXkUXr4wJ3Orruk8S1cpW?si=036418d92bb54277
894790605643866123,Chill,10/05/2021 - 03:38:24,track,https://open.spotify.com/track/4KNciXQGuQ8HOQFL1WQN7w?si=p-IkUgoIS2C8vuh-btalCA&dl_branch=1
892278003340541972,Chill,09/28/2021 - 05:14:13,track,https://open.spotify.com/track/0OciVp95LBXlE9RGDT99XI?si=6e692ba2e6ca4bd1
889977815406100560,Gulliblez,09/21/2021 - 20:54:06,track,https://open.spotify.com/track/79Y2fQStWYfe04RhcMZBU2?si=5-hWiPDkSpq8RiI_k5rfCg&utm_source=copy-link&dl_branch=1
889603447232553001,blankadam,09/20/2021 - 20:06:29,track,https://open.spotify.com/track/56nLHj9HJr3xpbLarnr0l4?si=M7UwCqDbSUOuGLGjcn1leA&dl_branch=1
889043494306459669,blankadam,09/19/2021 - 07:01:26,track,https://open.spotify.com/track/3kEjDzZj9mKYfQsA5vOFIv?si=h1j3IehbQmyUjanDgi0xMg&dl_branch=1
888653945612935198,Doshi,09/18/2021 - 05:13:31,track,https://open.spotify.com/track/0BCgPNn4DFug1KLiOaI2Bh?si=eFo9361xQWGAoWCuAArzkA&dl_branch=1
887937272283009085,Chill,09/16/2021 - 05:45:42,track,https://open.spotify.com/track/157EYJlm1CLRdjmEw3dCqG?si=_D_0asluScq8q9hssDIWzQ&dl_branch=1
887431868960624671,blankadam,09/14/2021 - 20:17:25,blend,https://open.spotify.com/blend/taste-match/7285b611b3ea5881?fallback=getapp
887226777523609610,DAK9000,09/14/2021 - 06:42:27,blend,https://open.spotify.com/blend/taste-match/e802fe9d184bf0e6?fallback=getapp
887226124541771797,Chill,09/14/2021 - 06:39:51,blend,https://open.spotify.com/blend/taste-match/93aa6a68848271e2?fallback=getapp
887226060201152522,Doshi,09/14/2021 - 06:39:36,blend,https://open.spotify.com/blend/taste-match/80e3dc55ceb083fd?fallback=getapp
885795489562394634,Doshi,09/10/2021 - 07:55:01,album,https://open.spotify.com/album/3r46DPIQeBQbjvjjV5mXGg?si=PDS7yR_BQfaxX7luRHSDDA&dl_branch=1
885778028981014578,Swaes,09/10/2021 - 06:45:39,track,https://open.spotify.com/track/6nEDYdxD1YEWnXdbWxT6U8?si=8M27cNQmTSOcRKCptBty1Q&dl_branch=1
885538715504619541,MindGoblin,09/09/2021 - 14:54:42,album,https://open.spotify.com/album/5VeKlnm3zx3y24HONzr6S9?si=sfK2wOsWTmyH7PhQdSbQXA&dl_branch=1
885382795122339851,DAK9000,09/09/2021 - 04:35:07,track,https://open.spotify.com/track/7mJQvEuDuSeuo8GMcwVxG1?si=Ll5Pn54KTta4WvF8Ucgl7g&dl_branch=1
883973024926281768,Swaes,09/05/2021 - 07:13:12,track,https://open.spotify.com/track/1giQmpTYpfP8cI5I369zje?si=qzjWy5CpSFG0tA_Z9BaRkA&dl_branch=1
883965498927230978,Swaes,09/05/2021 - 06:43:18,track,https://open.spotify.com/track/5UShsJdqJLZkl5JNj1ITlP?si=AR9tyZ4DR3ShKoonM6JhSA&dl_branch=1
883962375374528582,Swaes,09/05/2021 - 06:30:53,track,https://open.spotify.com/track/1A0OPxDVzWMaki4bGa6fqp?si=svd6165ySIeof3VqDzyFFA&dl_branch=1
883958043061145681,Swaes,09/05/2021 - 06:13:40,track,https://open.spotify.com/track/4bfHWTwFMP1a6gDubcjhht?si=MUtey6nbTM2rWC-0SbXfVQ&dl_branch=1
881526698456272976,Doshi,08/29/2021 - 13:12:22,album,https://open.spotify.com/album/340MjPcVdiQRnMigrPybZA?si=vSYDVbEfTSiWiqTdmZaNBw&dl_branch=1
872356018452041758,Doshi,08/04/2021 - 05:51:22,track,https://open.spotify.com/track/5mBHcJ6yNXyYGLosWkuGqv?si=xzmsurATRp-T7IdbxOlmAg&dl_branch=1
869747812844326973,Chill,07/28/2021 - 01:07:17,track,https://open.spotify.com/track/3ivWNVVHicPxEJcqWwkCKZ?si=ec6786e06fe64ac0
869746413691605012,Doshi,07/28/2021 - 01:01:44,track,https://open.spotify.com/track/1nk2TwWEEDPsYaQEeULZEh?si=nsITR47PR76YYHRRydeCXg&dl_branch=1
869479220630392893,DAK9000,07/27/2021 - 07:20:00,track,https://open.spotify.com/track/2IdS2N8pRTne8tgMOFoUqB?si=SPiU2GICRpiuYzpHkZ0HMg&dl_branch=1
867504597333835776,Pluto,07/21/2021 - 20:33:33,track,https://open.spotify.com/track/6TaVVKTOoqtz7DxXdh6rjs?si=ddd2f00b4edc449c
865816796811886632,Pluto,07/17/2021 - 04:46:50,track,https://open.spotify.com/track/2iwLygOHE2YStc23isxS3b?si=75fec1c13543490d
865317406925520946,blankadam,07/15/2021 - 19:42:26,track,https://open.spotify.com/track/1rYABrDmfqVmJMwaNJBUUb?si=xHCMYihbSHGpHXEA0m__GQ&dl_branch=1
864626254686715904,GrapeSoda,07/13/2021 - 21:56:03,album,https://open.spotify.com/album/5kBxkUFvOgxNHDu0kHEeuS?si=8o0HTCGOQD-fAA4KKtbwCg&dl_branch=1
860610058206445648,blankadam,07/02/2021 - 19:57:07,track,https://open.spotify.com/track/4dnPlVxc6tlOyr4Bb1Y4Vw?si=-v3Qw1mkSaS2x0GjQxilCg&dl_branch=1
851588186203357204,DAK9000,06/07/2021 - 22:27:25,track,https://open.spotify.com/track/59BhbPqg3KmLCECS84rZtF?si=OlIgzW21RBOzgg6k3VEAfg
851230489611862037,Fungus,06/06/2021 - 22:46:03,track,https://open.spotify.com/track/6s1yHquUYoI3NZjYbmB0S3?si=bJivK6oYQfaCBQVpv2gLNg
845059157366145025,Fungus,05/20/2021 - 22:03:23,track,https://open.spotify.com/track/0iXNMHbQAgVjoQhJofhBi6?si=6c4d2ea487094f31
844719737183141888,blankadam,05/19/2021 - 23:34:39,track,https://open.spotify.com/track/5OoRmdDfAiDztSwrhe7wuE?si=QErTe0ySTua5ITrbqF786Q
843871484966862918,blankadam,05/17/2021 - 15:24:00,track,https://open.spotify.com/track/4f4q4xqoQEx6E0IyrNLkYS?si=3fB1ICu4SN--RJrtL-OTEQ
843871366540427264,blankadam,05/17/2021 - 15:23:32,track,https://open.spotify.com/track/18kRXdENH28EZrqYJco1Tb?si=UQ3H76FdRYuL1Gtdo4Oh8Q
841872732433154059,Fungus,05/12/2021 - 03:01:40,track,https://open.spotify.com/track/1ruRTnuPdr15tduVhvnPBP?si=r4ocD6tES2-uuMbU7phwhA
841403672704974851,blankadam,05/10/2021 - 19:57:48,track,https://open.spotify.com/track/2U9Pv4iaZwfDgTC8y2LppH?si=NCPa47TbRBGxTnP2CvVcUg
840112629112111125,Swaes,05/07/2021 - 06:27:39,playlist,https://open.spotify.com/playlist/7dnbdUqqdb5h9ZjcfowpcV?si=762ec96d0c4f4d91
839292115531333642,blankadam,05/05/2021 - 00:07:13,track,https://open.spotify.com/track/0ZMI0JL8jU98SxGb27gkaR?si=kA6ktNaVRsOvzi0tiR6FXA
838177628099313722,blankadam,05/01/2021 - 22:18:39,track,https://open.spotify.com/track/2Ljla3d99KvA8Vloag1FtT?si=kHjOfWD6TVG9z2_4fCSf4w
838101422864072715,Doshi,05/01/2021 - 17:15:50,track,https://open.spotify.com/track/7vjoVXEQfdI6qHPLB5v8Gv?si=tSAc5HPmSCiYuBw5eiXgeg
838088298349199440,blankadam,05/01/2021 - 16:23:41,track,https://open.spotify.com/track/7uIrdhnGQw7bZSR2ygopuX?si=6rZN9reXROWyJc52R6FwzA
837736557582483467,blankadam,04/30/2021 - 17:05:59,album,https://open.spotify.com/album/03hIzrguBWOYV7Osb3FGU8?si=jlCkEp8yRwGnAXPRjpRzbA
836662787220045834,blankadam,04/27/2021 - 17:59:12,track,https://open.spotify.com/track/4AE7Lj39VnSZNOmGH2iZaq?si=V3yrXLyhRqGPuDL9WNr84g
836547431801159706,Pluto,04/27/2021 - 10:20:50,album,https://open.spotify.com/album/3D9lWF6r92UhRESvgte65y?si=CsLIkn_6RYuWVAujCoSsnA
835428756612710440,Chill,04/24/2021 - 08:15:37,track,https://open.spotify.com/track/1JTnDzxOMZ4IC1Ji8U2kuQ?si=fCntURlNTv-9Bvh-BYT0_Q
834622946567520256,Chill,04/22/2021 - 02:53:37,track,https://open.spotify.com/track/2LWAgzjfLnTTixLMVAnrzV?si=9d08YxizSIimR8wOTU_8vA
834489624243863643,Doshi,04/21/2021 - 18:03:50,track,https://open.spotify.com/track/0hz0bTQC2VVb4CEjLxmKiH?si=fc8a1a3975a542d5
834335708625633290,Pluto,04/21/2021 - 07:52:14,album,https://open.spotify.com/album/0Mu1dPzDN1zf9FbLWo1KKY?si=unrjLhA-RISKhsr-MOR_-g
833832917914353685,Doshi,04/19/2021 - 22:34:19,track,https://open.spotify.com/track/7m779WnE2a8dww2cbtDa9E?si=dYLMGbp7SRW7zx0SKb4x9A
830902803592642622,blankadam,04/11/2021 - 20:31:05,track,https://open.spotify.com/track/4m311PrEtKHZzy1JAsDCq1?si=Kluvj0ZMQiq1piQX0VeHIg
830549952774012959,Doshi,04/10/2021 - 21:08:59,track,https://open.spotify.com/track/6f4i6TAL0mNeZrp68k4uvW?si=3hRadpCMRNCVSNRNX2LMtQ
829437286202212382,blankadam,04/07/2021 - 19:27:39,track,https://open.spotify.com/track/6gHfQHMXjYpXREk2AiZdby?si=UKs0eXW8RYS83bqPJHgLlQ
829215718686982165,Fungus,04/07/2021 - 04:47:13,track,https://open.spotify.com/track/3VLHgL5L2eSKU4r4OE4E7Z?si=UASBsYXySM2SGBSusrVDzQ
829079517150314517,Pluto,04/06/2021 - 19:46:00,track,https://open.spotify.com/track/4jqQKJ0aUg0l0oyNhUc7sI?si=Fwwo19fETu2dkWGfwVfmcA
828744247947296820,Chill,04/05/2021 - 21:33:46,track,https://open.spotify.com/track/0YeMZY4x8FbVIvFmaphMp6?si=rrJc1tB_TdKy9a-zAkUiAw
828742072328257537,Chill,04/05/2021 - 21:25:07,track,https://open.spotify.com/track/0SzAKZYTUvDLqlPgllEb3N?si=-6pFUtKkRZOsm7UaWzZFkQ
827757953535967242,Chill,04/03/2021 - 04:14:35,album,https://open.spotify.com/album/1waasXN8fMNbWh4xq7Akeg?si=XcvvcFNnQTG4FrTQAi4y6w
824165823551766528,Fungus,03/24/2021 - 06:20:44,track,https://open.spotify.com/track/3WX3tXUbp0cVKssqf4ruiU?si=uX4zyX1bQmCSS5HSH8cmPg
823754646009937931,Gulliblez,03/23/2021 - 03:06:52,track,https://open.spotify.com/track/2Z9J5uM5vr6mYGVP6hMOwI?si=gSH024UmS--1qlJtKRF-bQ
823720724690108437,Gulliblez,03/23/2021 - 00:52:04,track,https://open.spotify.com/track/0s6nllore238CIyVY7XNdg?si=BdcnFZcgRDew2GmNWI5mvA
822898387946831883,blankadam,03/20/2021 - 18:24:24,track,https://open.spotify.com/track/4iJyoBOLtHqaGxP12qzhQI?si=l0sK_X9-ScCTAwljE4QM5Q
822254884409573386,blankadam,03/18/2021 - 23:47:21,track,https://open.spotify.com/track/7FLSJpTIofdpQTrSomINNT?si=r0KhFtOfTOGwiDM96RHLzg
821529393037180958,blankadam,03/16/2021 - 23:44:30,track,https://open.spotify.com/track/5Py8zRKGkZvgHniVVtvNCN?si=kJYy1yZ9TeC2wP2UVF8sSw
821405378465366026,blankadam,03/16/2021 - 15:31:43,track,https://open.spotify.com/track/3scJ9QE9AbYRZYLqdjo5D9?si=CiMVOENoQNGklTLVX6_Yyg
820195682296135690,Chill,03/13/2021 - 07:24:49,track,https://open.spotify.com/track/56B0uGixLoAvJCBj25wBfG?si=Xw49G4LYT7e96d6vv9ADcQ
820056768235176017,blankadam,03/12/2021 - 22:12:49,track,https://open.spotify.com/track/3DTqHfTGj1c6y2gDXsTez4?si=k-mIbQl9QZWJXJCi0qTShg
819628129164984402,blankadam,03/11/2021 - 17:49:33,track,https://open.spotify.com/track/7nKiLyUUSbNUwaoMBzBeQO?si=XIrakmI1Rxm7FJAQKFOxgg
817529355223695402,Pluto,03/05/2021 - 22:49:47,track,https://open.spotify.com/track/5pFSH7k21DTVSNMRsZum5C?si=7twNy0pyQmGvdpa6nE6EXQ
817416476578938913,MindGoblin,03/05/2021 - 15:21:14,track,https://open.spotify.com/track/0O014lR2VQ3JpMHA7KFyy5?si=a0e2336f0e414a01
816466469226414081,Doshi,03/03/2021 - 00:26:15,track,https://open.spotify.com/track/3sLhMSePzxSrmxluIqeoAZ?si=dLnFeyLqQPW2UwuHZulfzw
815325970797428786,Doshi,02/27/2021 - 20:54:19,track,https://open.spotify.com/track/3uhJllxR54wXP82uVAJbcg?si=Rzsvdbf9RpmRGkJZDre2dg
814955523731882054,Fungus,02/26/2021 - 20:22:17,track,https://open.spotify.com/track/0PafyrjpFeoZjfiH36NwVE?si=DxztjAuERvqF-R6co1tasA
814304011535908864,Doshi,02/25/2021 - 01:13:25,track,https://open.spotify.com/track/276HJBqhEybfyrG5fRoFHz?si=Nlp3dWxsRCWwwPuoq0jj1g
813487181171130409,blankadam,02/22/2021 - 19:07:37,track,https://open.spotify.com/track/1Jy0DlOGjWDDLdlz6d7IFV?si=KjxYkjqeTcygc88hSfnkqw
813480710786646016,blankadam,02/22/2021 - 18:41:55,track,https://open.spotify.com/track/2ZFu40Ik8VsUE9H87W0MmZ?si=d7fdcFGHRNisPqjxh2FpJA
812899147698274334,DAK9000,02/21/2021 - 04:10:59,track,https://open.spotify.com/track/5pnRPRVNAnT90B3xR4mPKj?si=fc5c47d3c0314e79
812875595553177640,Chill,02/21/2021 - 02:37:24,track,https://open.spotify.com/track/6euxu3SL5sT77aDmYcYtP8?si=hi6rgIvSSZuuLqH5KnrVnw
812872893083811880,DAK9000,02/21/2021 - 02:26:40,track,https://open.spotify.com/track/2lseCcD9ZpOgY9XKizmxMP?si=e8300357100b4a25
812832674615001199,Chill,02/20/2021 - 23:46:51,track,https://open.spotify.com/track/65Zjv6Mt3n6CMJKrnCtW5D?si=4yd16IuBRTqi7pi_L3dBAg
812825416158019604,Pluto,02/20/2021 - 23:18:00,track,https://open.spotify.com/track/2JKIYl8KaAMzOR1dIzEO5f?si=5AqzblMTQCONkgX70FHncw
812814981484642325,Chill,02/20/2021 - 22:36:32,track,https://open.spotify.com/track/43vtOyYCpV23pUItqrMyfc?si=BMe5RFmNQjWKGZvdfc9KWA
812814864006512660,Chill,02/20/2021 - 22:36:04,track,https://open.spotify.com/track/7yMyL7y0JWFUesavCslGCR?si=dNFpe3liQUiAr7ZDKb5Q1g
812814745358434324,Chill,02/20/2021 - 22:35:36,track,https://open.spotify.com/track/5ZF1hqbpo3tCEA462BU5Un?si=8b8NXbK9T7KL7vUrI-eWnA
812814647581081601,Chill,02/20/2021 - 22:35:13,track,https://open.spotify.com/track/56Xyw8OIeKTz83ktDHHCeL?si=zPx-CNVZTXmz6BbR4I9IiA
812814487748214794,Chill,02/20/2021 - 22:34:35,track,https://open.spotify.com/track/0S5ZoKKZD3bllkvhEoPimZ?si=4hzRsZLKQa6uoyIClfA-Fw
811007662388281355,Pluto,02/15/2021 - 22:54:54,track,https://open.spotify.com/track/12hVQgYR254ZziANtiKVWQ?si=9qBhI2DnTV6v0VnVd1gsWA
809887030619406346,MindGoblin,02/12/2021 - 20:41:55,track,https://open.spotify.com/track/7KYzARBusZhyZ6jygZDmVr?si=34d5fc1a183e4672
808901707156160555,Doshi,02/10/2021 - 03:26:35,track,https://open.spotify.com/track/4HidZBLn5eF1L79nSjiIyK?si=zUx6vy0dQr2R_GRwv6UjUQ
808790509656997890,MindGoblin,02/09/2021 - 20:04:44,album,https://open.spotify.com/album/3gYbjd76d8T5Ct5WxCxX5R?si=VMNEeqRhRLCxeBHfxYWY6w
806729850869776384,blankadam,02/04/2021 - 03:36:24,track,https://open.spotify.com/track/1aepeamMmLr2TwEnBEg7bG?si=wg0x4XjDTZeJszaaqD8ewQ
806719508248395818,blankadam,02/04/2021 - 02:55:18,track,https://open.spotify.com/track/2MtCUJYcYIIM8Vd7mCDr2B?si=v2YcdlCyTtegh7u3LjM6LQ
806595995436843038,blankadam,02/03/2021 - 18:44:31,track,https://open.spotify.com/track/0EItG9IYrhffJ2MOU9pW0Q?si=hskMd3-KRheTBm-mefzjlQ
806347361546272808,Doshi,02/03/2021 - 02:16:32,album,https://open.spotify.com/album/7jJRKkcHHylguqiHNfAZJu?si=f1sSH9XcSjG-yEJj40xJaA
805861153573699634,Doshi,02/01/2021 - 18:04:31,track,https://open.spotify.com/track/6u3CPnFMKANYgfdiifFOiJ?si=RUd2hcNASgmMr2JB2rEE0g
805600923866103828,Pluto,02/01/2021 - 00:50:27,track,https://open.spotify.com/track/1xqLOYIMiNoCduM983ibjk?si=QuZTILMYQIKN08A955g9KQ
805523366567739453,blankadam,01/31/2021 - 19:42:16,track,https://open.spotify.com/track/2sijD9pZmS9D9s8hmQkQk5?si=eRSFH90HS4a8qhCQEBjsgQ
804651923630325770,Pluto,01/29/2021 - 09:59:28,track,https://open.spotify.com/track/6nlZ1HZuqOGypB1dEUlO77?si=NYOT-XXYT66ML2FVB2-NLg
804001744702275604,blankadam,01/27/2021 - 14:55:53,track,https://open.spotify.com/track/2ohheZzavZxvs6Gm3o8EUS?si=xjpfjtbxSPuQ_aZ3J1dbVw
803646498473639986,blankadam,01/26/2021 - 15:24:16,track,https://open.spotify.com/track/5TwgWjWPDj5Qs041ZssUAF?si=_O3NrngRSZeuGkWNGvtTpw
803390257525555231,blankadam,01/25/2021 - 22:26:03,track,https://open.spotify.com/track/2JKIYl8KaAMzOR1dIzEO5f?si=b05OnMvLRoS5461xspDGxw
801904086651764757,Doshi,01/21/2021 - 20:00:32,track,https://open.spotify.com/track/5OGEp6SCW5FlbGyyAZUcFm?context=spotify%3Aplaylist%3A37i9dQZF1DX7HOk71GPfSw&si=JcAjokZlRYaZD1JdfSzoTw
801846233110282241,blankadam,01/21/2021 - 16:10:39,track,https://open.spotify.com/track/7B791WNzYq4W81mg7vSxXS?si=RPQ_YxvyQyiR5TK_NOOu8A
801715779770646538,DAK9000,01/21/2021 - 07:32:17,track,https://open.spotify.com/track/77oTEJSAK3LptVHjRJQQg5
801198356570701874,Doshi,01/19/2021 - 21:16:13,track,https://open.spotify.com/track/1MZjYDGUdfJYidb0UnK9Xa?si=i0EhAxF_TYq8JSoPPf6T2w
799780632087625758,Doshi,01/15/2021 - 23:22:41,track,https://open.spotify.com/track/0FIo0do6m3OCxnplP9OqJH?si=1vP4ZUdKSiSnBrP5veRcng
799776322414444544,Doshi,01/15/2021 - 23:05:34,track,https://open.spotify.com/track/5lstbOTTvdqWyOKaMHMrSY?si=BVUvVxKZSbGwuTQWsQFhGg
799737361247764500,blankadam,01/15/2021 - 20:30:45,track,https://open.spotify.com/track/6r639TM0j9JWM4jWJB1cVR?si=in3-lHNJRjqLW8kz7d0TrQ
799435010847277056,Chill,01/15/2021 - 00:29:19,album,https://open.spotify.com/album/5uUtn3Fkr4qWQUpJAmrLEf?si=SdNfZ1m8Qiu29Ii5XPOIrw
799405469361897493,Swaes,01/14/2021 - 22:31:56,track,https://open.spotify.com/track/4W4wYHtsrgDiivRASVOINL?si=Y3OTL9urRSOb1Rwq6Fc_jQ
798638219683823627,blankadam,01/12/2021 - 19:43:09,track,https://open.spotify.com/track/1GxoFQZxD7tFhQFUD9F0dD?si=SGRgrTcUQaiSFWTfyaPsIg
798443681615052810,Pluto,01/12/2021 - 06:50:08,track,https://open.spotify.com/track/6rsuyY8DWNwngUuchlWTx2?si=QR5wlyvIS4mF8A2-qRBmIQ
798381915798896681,Fungus,01/12/2021 - 02:44:41,playlist,https://open.spotify.com/playlist/1P7bM2JDccbGAJaUFB4Gx8?si=mRqjE53sT1inUZAZso7Tgw
797687212480266251,Chill,01/10/2021 - 04:44:11,track,https://open.spotify.com/track/56Xyw8OIeKTz83ktDHHCeL?si=yC6wKRbIQ_u9pUIeXA6CEA
797571968857014284,blankadam,01/09/2021 - 21:06:15,track,https://open.spotify.com/track/6jzW19SQaLj1kLArvipGQZ?si=2w593djmQz256zK1jF7EXA
797569025878130688,blankadam,01/09/2021 - 20:54:33,track,https://open.spotify.com/track/4Rb4RDdImfQCU2hV7OUMDo?si=ZlZ5KWElR36HrbOgXoCjsg
795842069443641354,Doshi,01/05/2021 - 02:32:15,track,https://open.spotify.com/track/2dnPoLlcwJFtFm1pps3Bm0?si=xCVNbfNbTfaZZu0lcO2Q0A
794430965526954005,Fungus,01/01/2021 - 05:05:01,track,https://open.spotify.com/track/1bzhhaUymji9UTEVROR3Kf?si=eSmkBhmITuiFYm51QDTrOw
793996334499233843,Doshi,12/31/2020 - 00:17:57,track,https://open.spotify.com/track/3banchOoe2giyRK0jaO1c7?si=Pfb1k8BvSWa4lJqhl2aRog
791140262943391746,Doshi,12/23/2020 - 03:08:57,track,https://open.spotify.com/track/6HOLZtVDh5EgvPnW4z23n2?si=IESBOleMSmqQc-AIWWD7Tg
791032570325499914,blankadam,12/22/2020 - 20:01:01,track,https://open.spotify.com/track/3thuVspq7oLlgDE7d7HTqz?si=il4JpoMSQLm_pz5N4z2xbA
789229889600487484,blankadam,12/17/2020 - 20:37:48,track,https://open.spotify.com/track/1V4Teb8rFKEpvXb5l6V6z3?si=2N2Vsjo9QTKeBD6WaAF37g
788123952610148474,blankadam,12/14/2020 - 19:23:12,track,https://open.spotify.com/track/3WIMJhVaD6BEdp0Ek3caGI?si=xJphGVAJR7OMJLeJpTUmLg
788123814869205054,blankadam,12/14/2020 - 19:22:40,track,https://open.spotify.com/track/61NPLdeUnIjDzRmuO1f1Oz?si=UhHMvkmnR5SvMtsoNUykpA
788123581770760303,blankadam,12/14/2020 - 19:21:44,track,https://open.spotify.com/track/48lh5EajSyZ3OfNccscRRU?si=z-AGFW7sT-afQKpCMnD9YA
788123312944578572,blankadam,12/14/2020 - 19:20:40,track,https://open.spotify.com/track/16oniOVH0FzJDh6S8bwdPx?si=T8rfvuVXQsKrrYt1jb4opA
786372324365828146,blankadam,12/09/2020 - 23:22:52,track,https://open.spotify.com/track/4jOcNZuddLrH3maJr9TGtJ?si=8n6UpKzTQ3aYIxiia2LSqg
786111896607784980,Doshi,12/09/2020 - 06:08:01,track,https://open.spotify.com/track/1cpANF6zMBoFoxkoIjZHjv?si=n3BsWWbgS3-bZPTnTNXHHQ
786096531735314452,DAK9000,12/09/2020 - 05:06:58,album,https://open.spotify.com/album/69O30wRnJwMunRrM6IgSsO?si=1L_qewRPTeWUXd7ICeP8jQ
785693996264587274,blankadam,12/08/2020 - 02:27:26,track,https://open.spotify.com/track/5RgFlk1fcClZd0Y4SGYhqH?si=MwZLH5ekSW6zytxvKTp90A
782439541939765269,blankadam,11/29/2020 - 02:55:23,album,https://open.spotify.com/album/6s7TtMHRcoy8D0ipc0wmjE?si=dYkAPYg8S92dH2KLVdPhMg
782145936595746838,Fungus,11/28/2020 - 07:28:42,track,https://open.spotify.com/track/4y048gN481qOesxtW5ojxG?si=r1SRxIBXQEOJ4qLpwqaGZw
779110877177577504,Pluto,11/19/2020 - 22:28:28,track,https://open.spotify.com/track/31I3Rt1bPa2LrE74DdNizO?si=W0N-AODVSoq-OCIlZ287rw
779042502673039411,blankadam,11/19/2020 - 17:56:46,track,https://open.spotify.com/track/4Coy6Szkkccfpo78Ba66RX?si=7j48pY1JRZCVPFvx8uoxtQ
778723480807276565,Fungus,11/18/2020 - 20:49:05,track,https://open.spotify.com/track/41mclLjggl2nmbYpRisKrh?si=RycIpZoqTDKW1jvM84GgIA
778454653087383593,blankadam,11/18/2020 - 03:00:52,track,https://open.spotify.com/track/7bbcE1f3n6BsKEXzJoiwT8?si=W-Yala5VSrmBVBz8vzb8yQ
778072775276363797,Fungus,11/17/2020 - 01:43:25,track,https://open.spotify.com/track/5xEMl2CTbhPFE7N2ESXh9e?si=s9dJKdDnRZSJZiNM1COViQ
777282341269143592,Pluto,11/14/2020 - 21:22:31,track,https://open.spotify.com/track/1QG34kxdhioMP99G66czfO?si=mBlnoKYHS7mTSAWMyBeKkw
776501084558590014,blankadam,11/12/2020 - 17:38:05,track,https://open.spotify.com/track/0Ufyk7NhRKTRbb7BRcCTIj?si=jzrONrZbR32i1Lt7Mo_CnQ
774397509815631923,Fungus,11/06/2020 - 22:19:13,track,https://open.spotify.com/track/704XRraGYt69YfoanYlFeQ?si=C7nh0ljSRoOUf9zOX-Psdg
774361578036396093,Gulliblez,11/06/2020 - 19:56:27,track,https://open.spotify.com/track/0uMMLry3hzWGn3q3loqMkm?si=SD6Ud1DnTiqihq4gTrNjDw
774356496090791938,blankadam,11/06/2020 - 19:36:15,track,https://open.spotify.com/track/7nVQ8mo77KaUvhUQzh4vMy?si=IuD7ceAjQkqqYkKL0gHtuw
772582409912713216,blankadam,11/01/2020 - 22:06:40,track,https://open.spotify.com/track/67FlxevHsQQjgPiDKCNwFU?si=pppHKA28TfenNKcP2ZEbpA
771456348869099531,blankadam,10/29/2020 - 19:32:06,track,https://open.spotify.com/track/2RABiORxekaDV23sfNTjid?si=4RHr_qPfTXCYJVm6G23f8g
770122043550728202,Swaes,10/26/2020 - 03:10:03,playlist,https://open.spotify.com/playlist/6SGyeuGpv1TmSryxIA1e3o?si=a6il_885QYuUYzv3a5DXzw
769237125593432105,blankadam,10/23/2020 - 16:33:42,track,https://open.spotify.com/track/0D31csBShBfxTnF6XLwVbK?si=veV0vhW9S-CO_aG3IRKQQQ
769237059662774322,blankadam,10/23/2020 - 16:33:26,track,https://open.spotify.com/track/2aMVsuCj2GuOkReprWGbdL?si=w_I6dOLxRnKChEWLnNX07w
765661594122059847,blankadam,10/13/2020 - 19:45:49,track,https://open.spotify.com/track/0qHeP8zt2WWef7EWCs1ECj?si=x4BVNNo8RAO5xmiBrzi3ww
761114201129222174,Chill,10/01/2020 - 06:36:06,track,https://open.spotify.com/track/2llFlNkPX4hW1M3HLdEMBm?si=M8rzz2nqSQaXpq7qdsafhA
760874664859271218,blankadam,09/30/2020 - 14:44:16,track,https://open.spotify.com/track/0YnJ8FnLGputT1EPAkiyh7?si=QRlicTtORMG9hYLAnRX9Ww
760161346477228062,GrapeSoda,09/28/2020 - 15:29:48,track,https://open.spotify.com/track/1R7MonDYxJkdQQqujXZDH4?si=cs9Nn3kIQZG5YmVJhWeCGQ
759215880642363393,Swaes,09/26/2020 - 00:52:51,track,https://open.spotify.com/track/6ngMpsODrDefCklCwdBEhT?si=jMeityN6QjmqlQHnKw-z6A
759093984278347826,Pluto,09/25/2020 - 16:48:29,track,https://open.spotify.com/track/0gEcmyKlIUoi3sHTFVO1bE?si=-EvTRXrET2qEmSI-cmyyoA
757105236191084554,Swaes,09/20/2020 - 05:05:54,track,https://open.spotify.com/track/6kh17zXl4MM4AzSeJP02hB?si=AWvZb_J8SFWWQDH87QogbQ
757082972745629737,Swaes,09/20/2020 - 03:37:26,track,https://open.spotify.com/track/44GokgCa37BTZP2NU2zkoJ?si=bltQVOTmTUWd9y8gw7-8Bw
757082539390140447,Swaes,09/20/2020 - 03:35:43,track,https://open.spotify.com/track/13w7sJT2Xu6AN4gGj4wGv3?si=waLrBOHCSZif0i0rwMBqvA
757066039044341912,blankadam,09/20/2020 - 02:30:09,album,https://open.spotify.com/album/6s4vWWWxNrGcKhrOFYRZzk?si=H1qTfrMqR6Wf1akuBgtOsA
757065969637130291,blankadam,09/20/2020 - 02:29:52,album,https://open.spotify.com/album/5fkFWJ9LZizXE4yPenNGuy?si=bIXE5X0FTUmCrdOuG3uUQg
757059182267596853,Swaes,09/20/2020 - 02:02:54,track,https://open.spotify.com/track/4rHIGjDTXXL9Eudf3YF036?si=dlh9uMkDTHiyqnMx2GcNXQ
757030241716797583,Pluto,09/20/2020 - 00:07:54,track,https://open.spotify.com/track/6wmvyRBDZ2RQ0BgT9QW5ki?si=bwCtRyXCQGWBKn0y_PV1lQ
756567193516245122,Doshi,09/18/2020 - 17:27:55,album,https://open.spotify.com/album/3DkdRBEwaFuyDTjsrf5dGl?si=kbadbHhtTZ66k0iMWcZzBQ
756274197533032509,blankadam,09/17/2020 - 22:03:39,album,https://open.spotify.com/album/1bQHuYWeouoRLLhAZbraA1?si=Bcg_GT7XTiOB5qLvwV6L8g
753297669627052132,blankadam,09/09/2020 - 16:56:00,track,https://open.spotify.com/track/6dLAFNEb2ufM0OjhPpMbFY?si=Fdr0CClvSc6JWQtZNQFO3w
752588912035233803,blankadam,09/07/2020 - 17:59:39,track,https://open.spotify.com/track/2KTIvRAAihIGm8FyhEKdxp?si=sj78UW4rTDO3lGikuxpjHQ
749041654073131111,GrapeSoda,08/28/2020 - 23:04:06,album,https://open.spotify.com/album/0uAvO73fOCoQ5nGAlEYfCf?si=z9hXebhoSHSHql8DCLZlRg
748385820028829768,GrapeSoda,08/27/2020 - 03:38:03,track,https://open.spotify.com/track/4kXX1dTN3aw9JNznU9G3oU?si=noS7COPCQJihBR1AZJOK2g
745109644749438996,Doshi,08/18/2020 - 02:39:42,playlist,https://open.spotify.com/playlist/60iowjRMeufSmV6ebVfvQd?si=VQKzGIOgT7mi4Mk0W55ygw
745109452679807016,Doshi,08/18/2020 - 02:38:56,playlist,https://open.spotify.com/playlist/72mwvx4a5yVG1OBq6CDhI7?si=94_iWXiBQpaCVxkyoIStbw